epoch,train_loss,val_acc,val_macro_f1
1,0.517603,0.7361,0.5695
2,0.186388,0.8533,0.6785
3,0.118725,0.8663,0.6977
4,0.082245,0.8462,0.6572
5,0.061393,0.8722,0.7019
6,0.043269,0.8663,0.6812
7,0.037643,0.8604,0.6729
8,0.031073,0.8556,0.6613
9,0.026854,0.8521,0.6656
10,0.023713,0.8497,0.6587
11,0.01989,0.8675,0.6786
12,0.020027,0.871,0.6852
13,0.01914,0.871,0.6861
