{
  "recon_mse_threshold": 0.8317962884902954,
  "mode": "f1",
  "val_f1": 0.7903469079939668,
  "val_precision": 0.7298050139275766,
  "val_recall": 0.8618421052631579
}