threshold,precision,recall,f1,pr_auc,roc_auc,attack_rate,baseline_pr,n_test
2.879434823989868,0.5576923076923077,0.10767326732673267,0.18049792531120332,0.598123820273746,0.8012306007670831,0.3187376725838264,0.3187376725838264,2535
