scenario,windows,flag_rate,mean_score,median_score
normal,1727,0.039953676896352056,0.9404478669166565,0.6542078852653503
dos,266,0.0,1.0514243841171265,0.9248508214950562
spoof,173,0.0,1.2202738523483276,1.0672014951705933
fdi,183,0.0,1.7304812669754028,1.7182059288024902
stopped_conv,186,0.46774193548387094,8.049519538879395,2.5456957817077637
