threshold,precision,recall,f1,pr_auc,roc_auc,attack_rate,baseline_pr,n_test
0.8317962884902954,0.6187739463601533,0.7995049504950495,0.6976241900647948,0.598123820273746,0.8012306007670831,0.3187376725838264,0.3187376725838264,2535
