threshold,precision,recall,f1,pr_auc,roc_auc,attack_rate,baseline_pr,n_test
12.772032737731934,0.92,0.028465346534653466,0.055222088835534214,0.598123820273746,0.8012306007670831,0.3187376725838264,0.3187376725838264,2535
