,precision,recall,f1-score,support
normal,0.9566279780085523,0.9067747539085119,0.9310344827586207,1727.0
dos,0.7724358974358975,0.9060150375939849,0.8339100346020761,266.0
spoof,0.9272727272727272,0.884393063583815,0.9053254437869822,173.0
fdi,0.506578947368421,0.8415300546448088,0.6324435318275154,183.0
stopped_conv,0.9572649572649573,0.6021505376344086,0.7392739273927392,186.0
accuracy,0.8781065088757396,0.8781065088757396,0.8781065088757396,0.8781065088757396
macro avg,0.8240361014701112,0.8281726894731058,0.8083974840735868,2535.0
weighted avg,0.9028551786889956,0.8781065088757396,0.8834635264390229,2535.0
