class,class_name,average_precision
0,normal,0.9863140893566713
1,dos,0.6354284010181908
2,spoof,0.9534216427000216
3,fdi,0.7542360001197803
4,stopped_conv,0.7167827225975167
